soc,title,old_transfer_k
11-3051,Industrial Production Managers,10.8
11-9051,Food Service Managers,27.0
11-9071,Gambling Managers,0.4
11-9131,Postmasters and Mail Superintendents,0.6
11-9171,Funeral Home Managers,1.5
13-1032,"Insurance Appraisers, Auto Damage",0.4
13-1074,Farm Labor Contractors,0.2
13-2081,"Tax Examiners and Collectors, and Revenue Agents",2.3
13-2082,Tax Preparers,5.2
15-1232,Computer User Support Specialists,26.3
15-1241,Computer Network Architects,5.8
17-3011,Architectural and Civil Drafters,5.2
17-3012,Electrical and Electronics Drafters,1.1
17-3013,Mechanical Drafters,2.1
17-3021,Aerospace Engineering and Operations Technologists and Technicians,0.5
17-3022,Civil Engineering Technologists and Technicians,3.3
17-3031,Surveying and Mapping Technicians,5.2
19-4051,Nuclear Technicians,0.6
19-5012,Occupational Health and Safety Technicians,2.5
23-2011,Paralegals and Legal Assistants,27.2
23-2093,"Title Examiners, Abstractors, and Searchers",3.6
25-1194,"Career/Technical Education Teachers, Postsecondary",4.0
25-2011,"Preschool Teachers, Except Special Education",36.4
25-3021,Self-Enrichment Teachers,24.9
25-4031,Library Technicians,6.5
27-1022,Fashion Designers,1.4
27-1023,Floral Designers,2.5
27-2011,Actors,3.7
27-2023,"Umpires, Referees, and Other Sports Officials",1.8
27-2041,Music Directors and Composers,2.4
27-2042,Musicians and Singers,8.7
27-3092,Court Reporters and Simultaneous Captioners,0.8
27-4011,Audio and Video Technicians,4.8
27-4012,Broadcast Technicians,1.3
27-4014,Sound Engineering Technicians,0.9
27-4021,Photographers,7.5
27-4032,Film and Video Editors,2.4
29-1292,Dental Hygienists,5.1
29-2031,Cardiovascular Technologists and Technicians,1.7
29-2033,Nuclear Medicine Technologists,0.4
29-2035,Magnetic Resonance Imaging Technologists,1.1
29-2051,Dietetic Technicians,2.2
29-2052,Pharmacy Technicians,27.0
29-2057,Ophthalmic Medical Technicians,6.1
29-2081,"Opticians, Dispensing",3.1
29-2092,Hearing Aid Specialists,0.4
31-9092,Medical Assistants,63.5
31-9094,Medical Transcriptionists,4.5
31-9095,Pharmacy Aides,3.9
31-9097,Phlebotomists,10.4
31-9099,"Healthcare Support Workers, All Other",7.7
33-2021,Fire Inspectors and Investigators,0.9
33-3011,Bailiffs,0.8
33-9021,Private Detectives and Investigators,2.2
33-9031,Gambling Surveillance Officers and Gambling Investigators,0.8
33-9032,Security Guards,96.3
33-9091,Crossing Guards and Flaggers,4.9
33-9092,"Lifeguards, Ski Patrol, and Other Recreational Protective Service Workers",20.4
35-1012,First-Line Supervisors of Food Preparation and Serving Workers,114.0
35-2014,"Cooks, Restaurant",123.5
35-2015,"Cooks, Short Order",11.6
35-3011,Bartenders,84.7
35-9031,"Hosts and Hostesses, Restaurant, Lounge, and Coffee Shop",51.5
39-3011,Gambling Dealers,9.0
39-3012,Gambling and Sports Book Writers and Runners,0.8
39-3021,Motion Picture Projectionists,0.3
39-3031,"Ushers, Lobby Attendants, and Ticket Takers",16.8
39-3092,Costume Attendants,1.0
39-3093,"Locker Room, Coatroom, and Dressing Room Attendants",2.4
39-4021,Funeral Attendants,2.4
39-4031,"Morticians, Undertakers, and Funeral Arrangers",2.1
39-5011,Barbers,5.2
39-5092,Manicurists and Pedicurists,13.0
39-5093,Shampooers,1.6
39-5094,Skincare Specialists,8.9
39-6012,Concierges,4.0
39-9011,Childcare Workers,88.4
39-9041,Residential Advisors,9.8
41-1011,First-Line Supervisors of Retail Sales Workers,79.0
41-2011,Cashiers,280.6
41-2012,Gambling Change Persons and Booth Cashiers,2.0
41-2021,Counter and Rental Clerks,24.6
41-2022,Parts Salespersons,17.2
41-2031,Retail Salespersons,296.2
41-3041,Travel Agents,3.8
41-4011,"Sales Representatives, Wholesale and Manufacturing, Technical and Scientific Products",16.3
41-9011,Demonstrators and Product Promoters,5.8
41-9022,Real Estate Sales Agents,14.8
41-9041,Telemarketers,4.9
43-1011,First-Line Supervisors of Office and Administrative Support Workers,81.9
43-2011,"Switchboard Operators, Including Answering Service",1.9
43-2021,Telephone Operators,0.2
43-3011,Bill and Account Collectors,8.3
43-3021,Billing and Posting Clerks,23.0
43-3031,"Bookkeeping, Accounting, and Auditing Clerks",78.6
43-3041,Gambling Cage Workers,0.9
43-3051,Payroll and Timekeeping Clerks,7.7
43-3061,Procurement Clerks,3.3
43-3071,Tellers,18.1
43-4011,Brokerage Clerks,2.3
43-4021,Correspondence Clerks,0.4
43-4031,"Court, Municipal, and License Clerks",9.5
43-4041,"Credit Authorizers, Checkers, and Clerks",0.6
43-4061,"Eligibility Interviewers, Government Programs",7.5
43-4071,File Clerks,4.4
43-4081,"Hotel, Motel, and Resort Desk Clerks",25.1
43-4111,"Interviewers, Except Eligibility and Loan",9.3
43-4121,"Library Assistants, Clerical",6.2
43-4131,Loan Interviewers and Clerks,8.2
43-4141,New Accounts Clerks,1.8
43-4151,Order Clerks,5.4
43-4161,"Human Resources Assistants, Except Payroll and Timekeeping",5.7
43-4171,Receptionists and Information Clerks,67.3
43-4181,Reservation and Transportation Ticket Agents and Travel Clerks,8.0
43-5011,Cargo and Freight Agents,5.1
43-5031,Public Safety Telecommunicators,5.7
43-5032,"Dispatchers, Except Police, Fire, and Ambulance",11.1
43-5051,Postal Service Clerks,2.7
43-5061,"Production, Planning, and Expediting Clerks",22.0
43-5111,"Weighers, Measurers, Checkers, and Samplers, Recordkeeping",3.1
43-6011,Executive Secretaries and Executive Administrative Assistants,28.0
43-6012,Legal Secretaries and Administrative Assistants,7.9
43-6013,Medical Secretaries and Administrative Assistants,42.7
43-6014,"Secretaries and Administrative Assistants, Except Legal, Medical, and Executive",96.6
43-9021,Data Entry Keyers,7.4
43-9022,Word Processors and Typists,1.7
43-9031,Desktop Publishers,0.3
43-9041,Insurance Claims and Policy Processing Clerks,11.8
43-9061,"Office Clerks, General",150.5
43-9071,"Office Machine Operators, Except Computer",1.8
45-2011,Agricultural Inspectors,1.4
45-4023,Log Graders and Scalers,0.3
47-2073,Operating Engineers and Other Construction Equipment Operators,23.4
49-1011,"First-Line Supervisors of Mechanics, Installers, and Repairers",28.6
49-9061,Camera and Photographic Equipment Repairers,0.1
49-9062,Medical Equipment Repairers,3.6
49-9064,Watch and Clock Repairers,0.1
51-1011,First-Line Supervisors of Production and Operating Workers,41.8
51-2021,"Coil Winders, Tapers, and Finishers",0.7
51-2061,Timing Device Assemblers and Adjusters,0.0
51-3011,Bakers,21.3
51-3092,Food Batchmakers,13.1
51-3093,Food Cooking Machine Operators and Tenders,2.4
51-4062,"Patternmakers, Metal and Plastic",0.1
51-4111,Tool and Die Makers,2.9
51-5111,Prepress Technicians and Workers,1.8
51-6051,"Sewers, Hand",0.3
51-6052,"Tailors, Dressmakers, and Custom Sewers",2.1
51-6061,Textile Bleaching and Dyeing Machine Operators and Tenders,0.4
51-6092,Fabric and Apparel Patternmakers,0.2
51-8011,Nuclear Power Reactor Operators,0.3
51-8012,Power Distributors and Dispatchers,0.5
51-8031,Water and Wastewater Treatment Plant and System Operators,7.3
51-8092,Gas Plant Operators,1.1
51-9061,"Inspectors, Testers, Sorters, Samplers, and Weighers",42.1
51-9071,Jewelers and Precious Stone and Metal Workers,1.9
51-9081,Dental Laboratory Technicians,2.2
51-9083,Ophthalmic Laboratory Technicians,1.3
51-9151,Photographic Process Workers and Processing Machine Operators,1.0
51-9194,Etchers and Engravers,0.5
53-2021,Air Traffic Controllers,1.6
53-2022,Airfield Operations Specialists,1.1
53-3031,Driver/Sales Workers,26.5
53-3052,"Bus Drivers, Transit and Intercity",7.3
53-6021,Parking Attendants,10.9
53-6041,Traffic Technicians,0.5
53-6051,Transportation Inspectors,1.4
53-6061,Passenger Attendants,1.4
53-7065,Stockers and Order Fillers,257.1
