soc,transfers_k,openings_k
11-1011,11.4,22.2
11-1021,204.5,308.7
11-2021,22.8,34.3
11-2022,31.7,49
11-3021,32.3,55.6
11-3051,10.8,17.1
11-3121,11.1,17.9
11-9041,9,14.5
11-9051,27,42
11-9071,0.4,0.6
11-9111,29.8,62.1
11-9131,0.6,0.9
11-9141,17.1,39
11-9171,1.5,2.6
13-1031,14.1,21.1
13-1032,0.4,0.5
13-1071,48.2,81.8
13-1074,0.2,0.3
13-1151,24.8,43.9
13-2011,67.2,124.2
13-2081,2.3,4.3
13-2082,5.2,10.4
15-1211,15.9,34.2
15-1232,26.3,40.8
15-1241,5.8,11.2
15-1244,9.5,14.3
17-2111,0.9,1.5
17-2141,9.7,18.1
17-2161,0.5,0.8
17-3011,5.2,10
17-3012,1.1,1.7
17-3013,2.1,3.3
17-3021,0.5,0.9
17-3022,3.3,5.5
17-3031,5.2,7.6
19-4051,0.6,0.7
19-5012,2.5,3.4
21-1012,16.8,31
21-1093,27.5,50.6
23-1011,12.2,31.5
23-2011,27.2,39.3
23-2093,3.6,5.4
25-1071,10.2,27.4
25-1121,4,9
25-1194,4,8.8
25-2011,36.4,65.5
25-3021,24.9,51.4
25-4031,6.5,13
25-9044,12.7,24.6
27-1022,1.4,2.3
27-1023,2.5,5.1
27-1024,13,20
27-2011,3.7,6.3
27-2022,20.9,41.8
27-2023,1.8,4.6
27-2041,2.4,4.3
27-2042,8.7,19.4
27-3031,17.1,27.6
27-3092,0.8,1.7
27-4011,4.8,7.3
27-4012,1.3,1.8
27-4014,0.9,1.2
27-4021,7.5,12.7
27-4031,2,2.9
27-4032,2.4,3.6
29-1021,0.5,3.9
29-1141,74.6,189.1
29-1292,5.1,15.3
29-2031,1.7,3.8
29-2033,0.4,0.9
29-2035,1.1,2.6
29-2051,2.2,4
29-2052,27,49
29-2057,6.1,12.5
29-2081,3.1,6.8
29-2092,0.4,1
31-9091,30,52.9
31-9092,63.5,112.3
31-9094,4.5,7.4
31-9095,3.9,6.1
31-9097,10.4,18.4
31-9099,7.7,14.4
33-2021,0.9,1.5
33-3011,0.8,1.8
33-9021,2.2,3.9
33-9031,0.8,1.3
33-9032,96.3,161
33-9091,4.9,18
33-9092,20.4,42.7
35-1011,15.9,24.4
35-1012,114,183.9
35-2014,123.5,250.7
35-2015,11.6,20.6
35-3011,84.7,129.6
35-3031,267.1,456.7
35-9031,51.5,107.7
39-3011,9,14.1
39-3012,0.8,1.2
39-3021,0.3,0.5
39-3031,16.8,30.8
39-3092,1,1.8
39-3093,2.4,4.2
39-4021,2.4,5.7
39-4031,2.1,3.2
39-5011,5.2,8.4
39-5092,13,24.8
39-5093,1.6,2.7
39-5094,8.9,14.5
39-6012,4,6.8
39-9011,88.4,160.2
39-9032,42.6,68.1
39-9041,9.8,17.4
41-1011,79,125.1
41-2011,280.6,542.6
41-2012,2,4
41-2021,24.6,45.9
41-2022,17.2,30.2
41-2031,296.2,555.8
41-3041,3.8,7.1
41-4011,16.3,27.2
41-4012,69.8,114.8
41-9011,5.8,14
41-9022,14.8,36.6
41-9041,4.9,6.5
43-1011,81.9,144.5
43-2011,1.9,2.8
43-2021,0.2,0.3
43-3011,8.3,13.7
43-3021,23,42.2
43-3031,78.6,170
43-3041,0.9,1.3
43-3051,7.7,13
43-3061,3.3,4.6
43-3071,18.1,29.8
43-4011,2.3,4.1
43-4021,0.4,0.7
43-4031,9.5,18.5
43-4041,0.6,1
43-4061,7.5,14
43-4071,4.4,7.3
43-4081,25.1,43.6
43-4111,9.3,15.8
43-4121,6.2,12.8
43-4131,8.2,13.3
43-4141,1.8,2.3
43-4151,5.4,8
43-4161,5.7,9
43-4171,67.3,128.5
43-4181,8,14.4
43-5011,5.1,8.8
43-5031,5.7,10.7
43-5032,11.1,18.5
43-5051,2.7,6.1
43-5061,22,34.1
43-5111,3.1,5.3
43-6011,28,50
43-6012,7.9,19.6
43-6013,42.7,85.9
43-6014,96.6,202.8
43-9021,7.4,9.5
43-9022,1.7,2.2
43-9031,0.3,0.4
43-9041,11.8,20.3
43-9061,150.5,282.4
43-9071,1.8,2.8
45-2011,1.4,2.2
45-4023,0.3,0.6
47-2073,23.4,41.9
49-1011,28.6,52.4
49-9061,0.1,0.2
49-9062,3.6,7.3
49-9064,0.1,0.1
49-9071,76.7,159.8
51-1011,41.8,67.7
51-2021,0.7,1.2
51-2061,0,0
51-3011,21.3,39.9
51-3092,13.1,24.2
51-3093,2.4,4.4
51-4062,0.1,0.1
51-4111,2.9,4.7
51-5111,1.8,2.8
51-6051,0.3,0.7
51-6052,2.1,5
51-6061,0.4,0.7
51-6092,0.2,0.3
51-8011,0.3,0.4
51-8012,0.5,0.8
51-8031,7.3,10.7
51-8092,1.1,1.3
51-9061,42.1,69.9
51-9071,1.9,4
51-9081,2.2,3.9
51-9083,1.3,2.4
51-9151,1,1.5
51-9194,0.5,0.9
53-2021,1.6,2.2
53-2022,1.1,1.6
53-3031,26.5,51.3
53-3032,128.3,237.6
53-3052,7.3,20.9
53-6021,10.9,18.5
53-6041,0.5,0.8
53-6051,1.4,2.5
53-6061,1.4,4.1
53-7065,257.1,472.3
