origin_soc,destination_soc
11-3051,51-1011
11-9051,35-1011
11-9051,35-1012
11-9071,43-1011
11-9131,51-1011
11-9171,39-4031
11-9171,43-1011
13-1032,11-1011
13-1032,43-1011
13-1074,11-1011
13-1074,15-1232
13-1074,43-1011
13-1074,43-6014
13-2081,43-1011
13-2081,43-3031
13-2082,43-1011
13-2082,43-3031
13-2082,43-6014
15-1241,11-3021
17-3013,27-1024
17-3021,11-1011
17-3021,11-1021
17-3021,49-1011
17-3022,15-1232
19-4051,15-1232
19-4051,49-9071
19-4051,51-1011
19-5012,17-2111
19-5012,43-1011
19-5012,43-6014
23-2011,43-1011
23-2011,43-6012
23-2011,43-6014
23-2093,43-1011
23-2093,43-6014
25-1194,11-1011
25-1194,13-1151
25-2011,43-6014
25-3021,11-1011
25-3021,41-2031
25-3021,43-6014
25-4031,15-1232
25-4031,43-4121
25-4031,43-6014
27-1022,11-1011
27-1022,11-2021
27-1022,41-2031
27-1023,41-2031
27-1023,43-1011
27-1023,43-6014
27-2011,11-1011
27-2011,41-2031
27-2011,43-6014
27-2023,11-1011
27-2023,39-9032
27-2023,41-2031
27-2041,11-1011
27-2041,25-1121
27-2042,11-1011
27-2042,25-1121
27-2042,25-3021
27-3092,11-1011
27-3092,23-2011
27-3092,43-1011
27-3092,43-6014
27-4011,11-1011
27-4011,15-1232
27-4012,15-1232
27-4012,15-1244
27-4014,11-1011
27-4021,11-1011
27-4021,41-2031
27-4021,43-6014
27-4032,11-1011
29-1292,11-1011
29-1292,25-1071
29-1292,31-9091
29-1292,43-1011
29-2031,15-1232
29-2031,31-9092
29-2033,11-1011
29-2033,11-9041
29-2033,11-9111
29-2035,11-9111
29-2035,15-1211
29-2035,15-1232
29-2051,11-9051
29-2051,43-6014
29-2052,43-1011
29-2052,43-6014
29-2057,31-9092
29-2057,43-1011
29-2057,43-6014
29-2081,11-1021
29-2081,43-1011
29-2081,43-6014
29-2092,11-1011
29-2092,11-1021
29-2092,11-2022
31-9092,29-1141
31-9092,43-1011
31-9092,43-6013
31-9092,43-6014
31-9094,43-1011
31-9094,43-6013
31-9094,43-6014
31-9095,29-2052
31-9095,41-2011
31-9095,41-2031
31-9095,43-6014
31-9097,29-1141
31-9099,21-1093
31-9099,29-1141
31-9099,43-1011
33-2021,11-1011
33-2021,17-2111
33-3011,11-1011
33-3011,43-4031
33-9032,41-2031
33-9032,43-1011
33-9091,11-1011
33-9091,41-2031
33-9091,41-9022
33-9092,27-2022
33-9092,35-3031
33-9092,41-2031
33-9092,43-6014
35-1012,11-1021
35-1012,11-9051
35-1012,43-1011
35-2014,41-2011
35-2015,41-2011
35-3011,43-6014
35-9031,41-2011
35-9031,41-2031
35-9031,43-6014
39-3011,11-1011
39-3011,11-1021
39-3012,41-2031
39-3012,43-1011
39-3012,43-6014
39-3021,15-1232
39-3021,41-2011
39-3021,41-2031
39-3031,41-2011
39-3031,41-2031
39-3031,43-6014
39-3092,27-1022
39-3092,27-1024
39-3092,41-2031
39-3092,43-6014
39-3093,41-2011
39-3093,41-2031
39-3093,43-6014
39-4021,11-1011
39-4021,11-9171
39-4021,43-6014
39-4031,11-1021
39-4031,11-9171
39-4031,43-1011
39-4031,43-6014
39-5011,11-1011
39-5011,11-1021
39-5092,41-2031
39-5092,43-1011
39-5092,43-6014
39-5093,41-2011
39-5093,41-2031
39-5093,43-6014
39-5094,11-1011
39-5094,11-1021
39-5094,41-2031
39-5094,43-1011
39-6012,43-1011
39-6012,43-4081
39-6012,43-6014
39-9011,21-1093
39-9011,41-2011
39-9011,41-2031
39-9011,43-6014
39-9041,11-1011
39-9041,21-1093
39-9041,43-1011
39-9041,43-6014
41-1011,11-1021
41-1011,11-2022
41-1011,43-1011
41-2011,43-1011
41-2011,43-6014
41-2012,43-1011
41-2021,43-1011
41-2022,11-1021
41-2022,43-1011
41-2031,11-2022
41-2031,43-6014
41-3041,43-1011
41-3041,43-4181
41-3041,43-6014
41-4011,11-2021
41-4011,11-2022
41-9011,11-2021
41-9011,27-3031
41-9022,11-1011
41-9022,11-9141
41-9041,11-2022
43-1011,11-1021
43-2011,41-2011
43-2021,41-2011
43-3031,13-2011
43-3041,41-2011
43-3051,13-2011
43-4031,23-1011
43-4031,23-2011
43-4061,21-1093
43-4071,41-2011
43-4071,41-2031
43-4081,41-2031
43-4111,21-1012
43-4121,21-1093
43-4121,41-2031
43-4151,15-1232
43-4161,11-3121
43-4161,13-1071
43-4171,41-2011
43-4171,41-2031
43-4181,41-3041
43-5061,51-1011
43-5111,11-1011
43-6011,11-1011
43-6012,23-1011
43-6012,23-2011
43-6013,31-9092
43-6014,41-2031
43-9031,15-1232
43-9031,27-1024
43-9031,51-1011
43-9031,51-5111
43-9041,13-1031
43-9061,41-2031
43-9071,15-1232
45-2011,11-1021
45-2011,51-1011
45-2011,51-9061
45-4023,25-9044
45-4023,51-9061
47-2073,49-1011
47-2073,49-9071
47-2073,53-3032
49-1011,11-1021
49-1011,43-1011
49-1011,51-1011
49-9061,15-1232
49-9061,27-4031
49-9061,51-9151
49-9062,15-1232
49-9062,17-2141
49-9064,11-1011
49-9064,43-1011
51-1011,11-1021
51-1011,11-3051
51-1011,43-1011
51-2021,43-1011
51-2061,53-7065
51-3011,35-1011
51-3011,35-1012
51-3011,35-2014
51-3092,41-2011
51-3092,41-2031
51-3093,35-1011
51-3093,35-2014
51-3093,41-2011
51-3093,41-2031
51-4062,11-1011
51-4062,17-2141
51-4062,27-1024
51-4111,11-1011
51-4111,17-2141
51-5111,15-1232
51-5111,27-1024
51-5111,43-1011
51-6051,11-1011
51-6051,41-2011
51-6052,11-1011
51-6052,11-1021
51-6052,41-2031
51-6061,41-2031
51-6092,17-2141
51-6092,27-1022
51-6092,27-1024
51-6092,41-2031
51-8011,17-2161
51-8011,49-1011
51-8012,11-1011
51-8012,43-1011
51-8031,11-1011
51-8031,49-1011
51-8031,49-9071
51-8092,11-1011
51-8092,13-2011
51-8092,49-9071
51-9071,11-1011
51-9071,27-1024
51-9071,41-2031
51-9081,11-1011
51-9081,29-1021
51-9081,29-1292
51-9081,31-9091
51-9083,15-1232
51-9083,29-2081
51-9083,43-6014
51-9151,27-1024
51-9151,27-4021
51-9151,43-6014
51-9194,27-1024
51-9194,41-2011
51-9194,41-2031
53-2021,11-1011
53-2021,11-1021
53-2021,13-2011
53-2022,11-1021
53-2022,43-1011
53-3031,41-4012
53-6021,41-2011
53-6021,41-2031
53-6021,43-1011
53-6041,43-1011
53-6051,11-1011
53-6051,43-1011
53-6051,49-1011
53-6051,51-9061
53-6061,41-2011
53-6061,41-2031
53-6061,43-6014
53-7065,41-2011
53-7065,41-2031
