path,sha256,bytes
CITATION.cff,29fdfc1c8ca6dde7a236818c285a426779d825fef607e4848555426058f9aa5b,653
LICENSE,1771020b028cf8cb8e6a8bdc5167990ffd72431a367551cc613b9fd2157373df,1320
README.md,cce29c360de486cd2d7b73101f1cfea2be456a95a20c58a3eeecf617fdbb8f4e,4745
code/route_semantics_replay.py,7effe22919b04a87981164f15dd95c1915f3a8c59f1711c3cfbc9818d43a22b4,5288
code/sipp_phase2_longitudinal_audit_20261004.py,fe822c82ab7b2cb74488b3c32b85e74efbc9eefd453038764a030c6ff7187760,24353
code/systemA_phase23_portable.py,803ee9607037c4cf77482804ed5afb2a7c1e4c466efa900d23ad42c05a888479,13295
code/verify_phase1_replay.py,10cc9bd1db230ae3fa8ead7a22e33053d3d3e18232fa99647f07f7ca801790ab,527
code/verify_repository_manifest.py,a01adb8fc90c4f0064ed12e124a8b49a252982e0588126de8931bbeb3d4802d9,590
code/verify_systemA_phase23.py,02cfc25a4640102deb7844860523880908ee8ac1edbcf85b8dacb09538bc865f,1131
data_public/BLS2024_34_vectors_used.csv,5a0db47b27af76ff818d370fb770c819d4903ddd3a0ad92c238f53f615fdf199,3653
data_public/BLS2025_35_vectors_used.csv,f51c27be680265114951acc66f55e2fd6312f913e4f388f363c2da669d2f578b,6013
data_public/baseline_positive_any_support_origins.csv,6466bdedd3133b5699e3d67af3d367218629aa3a3fdcd9f24da87a7166f61e41,7795
data_public/frozen_released_top5_edges.csv,27e1af92e98aa63613f1f1585c660dbc99c132bc101b4ca8fd64286f4c5b7772,5723
data_public/systemA_SOURCE_PROVENANCE.json,b77553a9d9018ae4803eaa45743648f61dde8814c5a6ecfbd3bbb5af5dace606,1217
docs/DATA_ACQUISITION.md,896a7406c385b124b7151b4fd5432bfb2fd19315ae187467c59ed006849f4478,598
docs/DATA_AND_CODE_AVAILABILITY.md,c26682341ca0f9b56a7e68932f00c50f36dd0b4a37f82ddb54aac18399109a98,1212
docs/SIPP_SUCCESSIVE_CHANGE_COMPARATOR_CLARIFICATION.md,181414d3571f011729b1bec894c1ebb8f76b81ec2118ee4fa66bc89edd5b3b9a,1417
docs/SYSTEM_A_CERTIFICATE_METHOD.md,d990a0b7383e95a78742b859ee7f2418eaf0d0d123dbf0316664ba93aae60cc5,2059
docs/SYSTEM_A_CERTIFICATE_RESULTS_SUMMARY.md,471d15ccc43423270e046cc55227fca14fc8507d0d944e9f67badd478854d69c,2848
docs/SYSTEM_B_CONTROL_IMPLEMENTATION_NOTE.md,2479536b37320ee59661bc680dffc189416a836972a38476f1a7431a6e23d96e,1620
figures/README.md,ffb6f467f4450505305dd0fbdbf3fc170a0d83998879b6ee999c1dfb92edb4c8,251
outputs/SIPP_PHASE2_RESULTS_20261004.json,ac159b0383f98ffef422e1227c1fc5aafc9211d74a4dad61d4889fae0cc4f65b,10696
outputs/destination_mincut_2024-34_rho050.csv.gz,bdc5ec54b6580aa7980ee6ba62b51405157a81e02f16588ebffcde6508395dbe,640
outputs/destination_mincut_2025-35_rho050.csv.gz,4e2687d52361f35681992db284fbac3c2c3676274cb34ec3bb0ab697c0084a48,643
outputs/origin_optimal_face_2024-34_rho050.csv.gz,12968c0efc476bb14052b26d79ffcde80780d70f6cd839b0de0c4c35cd520f2f,7677
outputs/origin_optimal_face_2025-35_rho050.csv.gz,c2b2f77f97e76533619e44e3223d9aeac7c9bf9bf0605ea3576bdc58e3628055,7537
outputs/phase1_route_semantics_summary.json,2cb864666367b5e2187562d0d25e4fb2c4069bb7a0f39aefb9dffe690bc42c61,3240
outputs/saturated_all_vs_mincut_rho050.csv.gz,10069ab621c07d7a68b33dce0afd572de2bf095e1dad336980e050e7feccc0bd,682
outputs/sipp_phase2_core_destination_support.csv,78e9850b9569f85894e3c02024b1cd9410c061651e268448b41139e558933de9,754
outputs/sipp_phase2_rate_uncertainty.csv,df4024896e4df0cd16e45c00e1e8fca96c5d0326ba2e924e3cdb49123714dbfd,1255
outputs/sipp_phase2_systemA_concordance.csv,f57bbe63a7162d30743657f6e51d09296096a8540520e1d830136fbdcbbce3ce,772
outputs/systemA_route_menu_structure.csv,1a634601db46be362a63b647c907ae950048cad5d24ad3187aabafc2c5fff2fc,144
outputs/systemA_route_semantics_competition_gap_grid.csv,808c4ca4c3192cf24114a0f9fcd1108d46f428f3f9db83a8d234bd3b667f8f78,2527
requirements.txt,2bc2e518e0f395f4d51cbc6ae48fc118b68e20061fcfaabb719ec999b41b9a30,28
