supply_k,independent_k,joint_k,independent_pct,joint_pct,gap_pp,competition_share_of_deficiency,vintage,menu,rho
3096.0,2324.8,915.125,75.0904392765,29.5583010336,45.5321382429,0.6463804666,2024-34,released_no_backfill,0.25
3096.0,2589.75,1529.3,83.648255814,49.395994832,34.2522609819,0.6768685773,2024-34,released_no_backfill,0.5
3096.0,2764.6,2065.35,89.2958656331,66.7102713178,22.5855943152,0.6784553437,2024-34,released_no_backfill,0.75
3096.0,2855.0,2517.2,92.2157622739,81.3049095607,10.9108527132,0.5836212854,2024-34,released_no_backfill,1.0
3096.0,2813.3,1157.35,90.8688630491,37.3821059432,53.4867571059,0.8541768757,2024-34,conditioned_no_backfill,0.25
3096.0,2997.95,1947.4,96.8330103359,62.9005167959,33.9324935401,0.9146352081,2024-34,conditioned_no_backfill,0.5
3096.0,3096.0,2628.45,100.0,84.898255814,15.101744186,1.0,2024-34,conditioned_no_backfill,0.75
3096.0,3096.0,3096.0,100.0,100.0,0.0,,2024-34,conditioned_no_backfill,1.0
3096.0,2986.25,1344.575,96.4551033592,43.4294250646,53.0256782946,0.9373367401,2024-34,fully_joinable_backfill,0.25
3096.0,3096.0,2367.9,100.0,76.4825581395,23.5174418605,1.0,2024-34,fully_joinable_backfill,0.5
3096.0,3096.0,3096.0,100.0,100.0,0.0,,2024-34,fully_joinable_backfill,0.75
3096.0,3096.0,3096.0,100.0,100.0,0.0,,2024-34,fully_joinable_backfill,1.0
2870.2,2137.625,858.95,74.4765173159,29.9264859592,44.5500313567,0.6357613424,2025-35,released_no_backfill,0.25
2870.2,2374.1,1427.7,82.7154902097,49.7421782454,32.9733119643,0.6560831889,2025-35,released_no_backfill,0.5
2870.2,2517.425,1917.275,87.7090446659,66.7993519615,20.9096927043,0.629797728,2025-35,released_no_backfill,0.75
2870.2,2622.9,2287.3,91.3838756881,79.6913107101,11.6925649781,0.5757419798,2025-35,released_no_backfill,1.0
2870.2,2581.4,1081.15,89.9379834158,37.6681067521,52.2698766636,0.8385735446,2025-35,conditioned_no_backfill,0.25
2870.2,2761.4,1817.95,96.2093233921,63.3387917218,32.8705316703,0.8966025184,2025-35,conditioned_no_backfill,0.5
2870.2,2846.05,2451.725,99.1585952198,85.4200055745,13.7385896453,0.9422904594,2025-35,conditioned_no_backfill,0.75
2870.2,2870.2,2870.2,100.0,100.0,0.0,,2025-35,conditioned_no_backfill,1.0
2870.2,2757.925,1250.05,96.0882516898,43.5527140966,52.5355375932,0.930700861,2025-35,fully_joinable_backfill,0.25
2870.2,2870.2,2200.4,100.0,76.6636471326,23.3363528674,1.0,2025-35,fully_joinable_backfill,0.5
2870.2,2870.2,2870.2,100.0,100.0,0.0,,2025-35,fully_joinable_backfill,0.75
2870.2,2870.2,2870.2,100.0,100.0,0.0,,2025-35,fully_joinable_backfill,1.0
